店舗名,URL,住所
アミュージアム 津島店,https://amuseum.jp/store/am_tsushima/,愛知県津島市大字津島字北新開351番地 ヨシヅヤ津島本店シネマ館2階
アミュージアム 名西店（あそびの広場）,https://amuseum.jp/store/ah_meisei/,愛知県名古屋市西区名西2-33-8 ヨシヅヤ名古屋名西店2F
サープラワンダーシティあそびタウン,https://3rd-planet.jp/,熊本県熊本市中央区九品寺6-9-1 ワンダーシティ南熊本 2F
オタイチポップワールド 西尾店,https://otaichi-pop-world.com/,愛知県西尾市上町泡原7-1
お宝市番館 尾張旭店,https://www.otaichi.com/,愛知県尾張旭市 (詳細不明)
お宝創庫 豊田店,https://www.otakarasouko.com/,愛知県豊田市下市場町4-17-1
ゲームパニック 大高,https://www.leisurelan.co.jp/,愛知県名古屋市緑区忠治山201 名古屋グランドボウル 地下2階
ゲームパニック 大須,https://www.leisurelan.co.jp/,愛知県名古屋市中区大須3-30-93 メガタウンB1F
ゲームパニック 豊橋,https://www.leisurelan.co.jp/,愛知県豊橋市藤沢町141 ホリデイ・スクエア アミューズメントビル1F
ピーターパンと仲間たち 小牧店,https://amuseum.jp/store/pn_komaki/,愛知県小牧市東1-126 イオン小牧2階
プレイランドキャッスル 大曽根店,-,愛知県名古屋市東区東大曽根町28-33
楽市楽座 イオンモール名古屋茶屋店,https://rakuichi-rakuza.jp/,愛知県名古屋市港区西茶屋2-11 イオンモール名古屋茶屋 3F
名古屋レジャーランド ささしま店,https://www.yamazakiya.co.jp/,愛知県名古屋市中村区平池町4-60-14 マーケットスクエアささしま 1F
名古屋レジャーランド 大高店,https://www.yamazakiya.co.jp/,愛知県名古屋市緑区大高町字奥の谷1-1
回遊館 西条店,-,愛媛県西条市新田155 フレスポ西条内
アミパラ 松山店,https://amipara.co.jp/,愛媛県松山市東石井6-10-33
アミューズメントパークMG キスケ店,http://www.mginc.jp/,愛媛県松山市宮田町4 キスケBOX 2階
ソユーフォレストハンター 松前店,https://soyu-am.jp/,愛媛県伊予郡松前町筒井850 エミフルMASAKI AM棟 1F
WonderGOO PLUS＋ つくば店,https://www.wonder.co.jp/amusement/,茨城県つくば市研究学園7-54-1
WonderGOO ひたちなか店,https://www.wonder.co.jp/amusement/,茨城県ひたちなか市中根3325
WonderGOO 下館店,https://www.wonder.co.jp/amusement/,茨城県筑西市菅谷1513
WonderGOO 常陸大宮店,https://www.wonder.co.jp/amusement/,茨城県常陸大宮市下村田2387
WonderGOO 那珂店,https://www.wonder.co.jp/amusement/,茨城県那珂市菅谷1618-2
アミューズメントJAM つくば店,-,茨城県つくば市館野1-2
おたちゅう 日立南店,https://yume-hm.com/,茨城県日立市森山町4-10-32
おたちゅう 龍ヶ崎店,https://otachu-ryugasaki.com/,茨城県龍ケ崎市小通幸谷町288
ぐるぐる大帝国 牛久店,https://www.otakara.co.jp/,茨城県牛久市柏田町3040
ぐるぐる大帝国 結城店,https://www.otakara.co.jp/,茨城県結城市結城7112-2
ぐるぐる大帝国 水戸店,https://www.otakara.co.jp/,茨城県水戸市笠原町1497-1
ゲームパニック つくば,https://www.leisurelan.co.jp/,茨城県つくば市大角豆2012-118
とれるんキングダム サカイモール店,-,茨城県猿島郡境町1156-1 サカイモール内
茨城レジャーランド 古河店,https://www.yamazakiya.co.jp/,茨城県古河市小堤2017-1
OTAKARA amuse 古新田店,https://otakarahakken-koshinden.com/,岡山県岡山市南区古新田808
アミパラ 岡山店,https://amipara.co.jp/,岡山県岡山市北区青江1-13-8
アミパラ 倉敷店,https://amipara.co.jp/,岡山県倉敷市西中新田611-1
お宝発見 岡山店,https://otakarahakken.com/,岡山県岡山市南区泉田22-2
お宝発見 津山店,https://otakarahakken.com/,岡山県津山市院庄1039-1
アミュージアム 南風原店,https://amuseum.jp/store/am_haebaru/,沖縄県島尻郡南風原町宮平264 イオン南風原店2階
トレトレ倉庫 糸満店,https://mangasouko-okinawa.com/toretore-itoman/,沖縄県糸満市兼城400番地 テナント棟D1区画
マンガ倉庫 浦添店,-,沖縄県浦添市城間2689-1
マンガ倉庫 那覇店,-,沖縄県那覇市高良3-1-12
マンガ倉庫 泡瀬店,-,沖縄県沖縄市与儀3-13-1
WonderGOO 奥州水沢店,https://www.wonder.co.jp/amusement/,岩手県奥州市水沢佐倉河字羽黒田43
ソユーゲームフィールド 釜石店,https://soyu-am.jp/,岩手県釜石市港町2-1-1 イオンタウン釜石
ソユーゲームフィールド 盛岡南店,https://soyu-am.jp/,岩手県盛岡市本宮7-1-1 イオンモール盛岡南
万SAI堂 盛岡店,-,岩手県盛岡市 (詳細不明)
万SAI堂 北上店（あそビレッジ）,-,岩手県北上市村崎野14地割68-32
万代 盛岡店,https://mandai-s.jp/,岩手県盛岡市前潟2-1-1
回遊館 岐阜店,-,岐阜県岐阜市芥見大船2-71
お宝市番館 岐阜 イオンタウン各務原店,https://www.otaichi.com/,岐阜県各務原市那加萱場町3-8 イオンタウン各務原
岐阜レジャーランド 穂積店,https://www.yamazakiya.co.jp/,岐阜県瑞穂市稲里580-1 プラント6 2F
浪漫遊 各務原店,https://www.romanyu.com/,岐阜県各務原市鵜沼各務原町1-118
GiGOクレーンゲームオアシス ベアーズモール清武,https://contents.gendagigo.jp/cranegame-oasis/,宮崎県宮崎市清武町新町2-1-1 ベアーズモール清武内
Hapipi Land イオン日向店,https://www.hapipiland.com/,宮崎県日向市日知屋古田町61-1 イオン日向店
トレトレ倉庫 日南店,https://mangasouko-kagoshima.com/,宮崎県日南市星倉4丁目1-5
マンガ倉庫 宮崎店,-,宮崎県宮崎市吉村町前田甲1117
マンガ倉庫 日向店,-,宮崎県日向市財光寺3102
楽市楽座 イオンモール宮崎店,https://rakuichi-rakuza.jp/,宮崎県宮崎市新別府町江口862-1 イオンモール宮崎 2F
アミュージアム ヨークタウン市名坂店,https://amuseum.jp/store/am_ichinazaka/,宮城県仙台市泉区市名坂字中道100-9 ヨークタウン市名坂
サープラ岩沼あそびタウン,https://3rd-planet.jp/,宮城県岩沼市たけくま1-1-1
ザ・サードプラネット BiVi仙台店,https://3rd-planet.jp/,宮城県仙台市宮城野区榴岡2-1-25 BiVi仙台駅東口
ソユーゲームフィールド 古川店,https://soyu-am.jp/,宮城県大崎市古川沢田字筒場浦15 イオンタウン古川
ソユーゲームフィールド 仙台長町店,https://soyu-am.jp/,宮城県仙台市太白区長町7-20-3 ザ・モール仙台長町
ピーターパンと仲間たち 船岡店,https://amuseum.jp/store/pn_funaoka/,宮城県柴田郡柴田町大字船岡字新田112 船岡西友跡
万代 古川店,https://mandai-s.jp/,宮城県大崎市古川沢田字新新田44
万代 仙台泉店,https://shop.mandai-s.jp/,宮城県仙台市泉区松森字斉兵衛58-1
万代 仙台南店,https://shop.mandai-s.jp/,宮城県仙台市太白区中田町字杉の下34
万代 多賀城店,https://mandai-s.jp/,宮城県多賀城市明月1-168-1
アミュージアム 木津川店,https://amuseum.jp/store/am_kizugawa/,京都府木津川市州見台1-1-1-1 ガーデンモール木津川
サープラ京都あそびタウン,https://3rd-planet.jp/,京都府京都市中京区西ノ京栂尾町107 BiVi二条 2F
アミパラ 久御山店,https://amipara.co.jp/,京都府久世郡久御山町森大内337
開放倉庫 山城店,-,京都府木津川市山城町椿井畑岡40-1
サープラ荒尾あそびタウン,https://3rd-planet.jp/,熊本県荒尾市原万田700-1 グリーンランド内
アミパラ 熊本店,https://amipara.co.jp/,熊本県熊本市東区下南部3-1-35
ぐるぐる倉庫 菊陽店,https://www.gurugurusouko.com/,熊本県菊池郡菊陽町津久礼2595-1
ぐるぐる倉庫 熊本本店,https://www.gurugurusouko.com/,熊本県熊本市南区近見7-2-1
ぐるぐる倉庫 麻生田店,https://www.gurugurusouko.com/,熊本県熊本市北区麻生田3-2-20
楽市楽座 イオンモール熊本店,https://rakuichi-rakuza.jp/,熊本県上益城郡嘉島町大字上島字長池2232 イオンモール熊本 2F
回遊館 伊勢崎店,-,群馬県伊勢崎市宮子町3423-22
アピナ 太田店,https://www.kyowa-corp.co.jp/,群馬県太田市内ケ島町907-1
ぐるぐる大帝国 館林店,https://www.otakara.co.jp/,群馬県館林市富士原町937-1
群馬レジャーランド 伊勢崎店,https://www.yamazakiya.co.jp/,群馬県伊勢崎市連取町3066-1
群馬レジャーランド 高崎駅東口店,https://www.yamazakiya.co.jp/,群馬県高崎市江木町333-1 高崎EXビル
万代書店 伊勢崎店,https://mandai-isesaki.com/,群馬県伊勢崎市連取町868-1
万代書店 高崎店,https://mandai-takasaki.com/,群馬県高崎市上中居町239-2
とれるんキングダム (北関東各店),-,群馬県内 (詳細不明)
アミパラ 広島店,https://amipara.co.jp/,広島県広島市西区西観音町3-16
あみぱらんど 福山店,https://amipara.co.jp/,広島県福山市引野町5-28-1
お宝市番館 イオン広店,https://otaichi.com/,広島県呉市広本町1-11-20 イオン広店
お宝市番館 呉店,https://otaichi.com/,広島県呉市広文化町1-32
お宝買取団 広島八木店,-,広島県広島市安佐南区八木2-16-10
お宝買取団 東広島店,-,広島県東広島市西条町御薗宇6266-1
アミュージアム 高松店,https://amuseum.jp/store/am_takamatsu/,香川県高松市伏石町2122-1
アミパラ 丸亀店,https://amipara.co.jp/,香川県丸亀市田村町1565
アミパラ 高松店,https://amipara.co.jp/,香川県高松市香西本町1-1 イオンモール高松
お宝市番館 瀬戸大橋店,https://otaichi.com/,香川県綾歌郡宇多津町浜三番丁51-1
アミュージアム 高知店,https://amuseum.jp/store/am_kochi/,高知県高知市秦南町1-4-8 イオンモール高知 3F
アミパラ 高知店,https://amipara.co.jp/,高知県高知市介良乙317-1
マンガ倉庫 武雄店,-,佐賀県武雄市武雄町大字武雄5774
アミュージアム 所沢店,https://amuseum.jp/store/am_tokorozawa/,埼玉県所沢市日吉町12-1 西武所沢S.C. 7F
アミュージアム 川口店,https://amuseum.jp/store/am_kawaguchi/,埼玉県川口市並木元町1-79 アリオ川口2階
サープラ八潮あそびタウン,https://3rd-planet.jp/,埼玉県八潮市大瀬1-1-3 フレスポ八潮
Hapipi Land 東大宮店,https://www.hapipiland.com/,埼玉県さいたま市見沼区東大宮5-43-1
iクレーン 越谷店,https://icrane-koshigaya.com/,埼玉県越谷市大房944
アソビクルハンターズ 川越的場店,-,埼玉県川越市的場新町21-1
アソビクルハンターズ 川越的場店,-,埼玉県川越市的場新町21-1
ウェアハウス 三橋店,https://www.geo-online.co.jp/,埼玉県さいたま市西区三橋6丁目955-1
ウェアハウス 草加店,https://www.geo-online.co.jp/,埼玉県草加市稲荷2-36-33
エブリデイ 行田店,https://ufo-everyday.com/,埼玉県行田市下忍644-1
エブリデイとってき屋 東京本店,https://everyday-cranegame-world.com/,埼玉県八潮市大字鶴ケ曽根37-1
エブリデイとれトレ屋 桶川店,https://www.toyo-everyday.com/,埼玉県桶川市西2-9-36 マメトラショッピングパーク1F
ぐるぐる大帝国 入間店,https://www.otakara.co.jp/,埼玉県入間市小谷田1212-1
クレーンゲーム倉庫 岩槻店,https://www.parade-inc.net/,埼玉県さいたま市岩槻区本宿12-1
クレーンゲーム倉庫 熊谷店,https://www.parade-inc.net/,埼玉県熊谷市箱田6丁目17-30
ゲームパニック 三郷,https://www.leisurelan.co.jp/,埼玉県三郷市ピアラシティ1-1-200 ピアラシティみさと内
ゲームパニック 川越,https://www.leisurelan.co.jp/store/gpkawagoe.html,埼玉県川越市大字鴨田字荒子358-1
テクモピア 川越店,http://www.wave.koeitecmo.co.jp/Amusement_park/,埼玉県川越市新富町1丁目19-4 本川越ビル
ベネクス 浦和店,https://benex.co.jp/,埼玉県さいたま市桜区大久保領家131-1
ベネクス 川越店,https://benex.co.jp/,埼玉県川越市大字石田本郷202
埼玉レジャーランド 春日部店,https://www.yamazakiya.co.jp/,埼玉県春日部市増富163-1
埼玉レジャーランド 川越店,https://www.yamazakiya.co.jp/,埼玉県川越市新富町1丁目19-4
万代書店 岩槻店,https://mandai-iwatsuki.com/,埼玉県さいたま市岩槻区城町2丁目7-35
万代書店 熊谷店,https://mandai-kumagaya.com/,埼玉県熊谷市石原418-1
万代書店 川越店,https://mandai-kawagoe.com/,埼玉県川越市泉町3-1
サープラ鈴鹿あそびタウン,https://3rd-planet.jp/,三重県鈴鹿市庄野羽山4丁目1-2 イオンモール鈴鹿 2F
GiGOクレーンゲームオアシス イオンモール桑名,https://contents.gendagigo.jp/cranegame-oasis/,三重県桑名市新西方1-22 イオンモール桑名
アピナ 四日市店,https://www.kyowa-corp.co.jp/,三重県四日市市泊小柳町4-5
アピナ 鈴鹿店,https://www.kyowa-corp.co.jp/,三重県鈴鹿市庄野羽山4-20-1
お宝市番館 三重本店,https://www.otaichi.com/,三重県桑名市大仲新田383
マンガ倉庫 鈴鹿店,https://mangasouko-suzuka.com/,三重県鈴鹿市野町西3-1-1
iクレーン 酒田店,https://otachu-sakata.com/,山形県酒田市ゆたか2-1-1
iクレーン 米沢店,https://otachu-yonezawa.com/,山形県米沢市春日2-13-4
お宝中古市場 山形天童店,https://otakara-tendo.com/,山形県天童市南町1-5-26
お宝中古市場 山形南店,https://otakara-minami.com/,山形県山形市南館西9-17
お宝中古市場 鶴岡店,https://otachu-tsuruoka.com/,山形県鶴岡市文下字久保田1
ソユーゲームフィールド 酒田店,https://soyu-am.jp/,山形県酒田市みずほ2丁目2-1 イオン酒田南店 2F
ソユーゲームフィールド 天童店,https://soyu-am.jp/,山形県天童市芳賀タウン北四丁目1番1号 イオンモール天童 2階
万代書店 山形店,-,山形県山形市成沢西2丁目1-16
アミュージアム 周南店,https://amuseum.jp/store/am_syunan/,山口県周南市久米2867
アミュージアム 新下関店,https://amuseum.jp/store/am_sinsimonoseki/,山口県下関市伊倉新町3-1-1 ゆめシティ3階
サープラ下関あそびタウン,https://3rd-planet.jp/,山口県下関市竹崎町4-4-8 シーモール下関
サープラ山口あそびタウン,https://3rd-planet.jp/,山口県山口市湯田温泉6-8-3
テクモピア 萩店,http://www.wave.koeitecmo.co.jp/Amusement_park/,山口県萩市大字椿字大野2784-1 アトラス萩店 2階
マンガ倉庫 山口店,https://mangasouko-shop.jp/,山口県山口市吉敷下東1-13-28
アミュージアム 河口湖店,https://amuseum.jp/store/am_kawaguchiko/,山梨県南都留郡富士河口湖町船津2986 フォレストモール富士河口湖
アミュージアム 南アルプス店,https://amuseum.jp/store/am_minamialps/,山梨県南アルプス市十五所685-3
アピナ 甲府店,https://www.kyowa-corp.co.jp/,山梨県甲府市国母5-20-24
もってきーな NIRASAKI,https://www.motteki-na.com/,山梨県韮崎市若宮2-2-23 ライフガーデンにらさき内
万代書店 山梨本店,https://mandai-yamanashi.com/,山梨県甲斐市西八幡4415
回遊館 長浜店,-,滋賀県長浜市八幡中山町13
アソベース豊郷店,-,滋賀県犬上郡豊郷町高野客203
アミパラ 草津店,https://amipara.co.jp/,滋賀県草津市新浜町300番地 イオンモール草津(または近隣商業施設)
サープラ鹿児島あそびタウン,https://3rd-planet.jp/,鹿児島県鹿児島市与次郎1-11-1 フレスポジャングルパーク 2F
トレトレ倉庫 川内店,https://mangasouko-kagoshima.com/,鹿児島県薩摩川内市平佐町4282
マンガ倉庫 鹿児島店,-,鹿児島県鹿児島市小松原1-5-17
ソユーゲームフィールド 御所野店,https://soyu-am.jp/,秋田県秋田市御所野地蔵田1-1-1 イオンモール秋田 2F
万代書店 秋田店,-,秋田県秋田市泉菅野2丁目1-1 (万代秋田店)
iクレーン 新発田店,https://otakara-shibata.com/,新潟県新発田市新栄町1-9-6
アピナ 上越店,https://www.kyowa-corp.co.jp/,新潟県上越市富岡3458 上越ウイングマーケットセンター内
アピナ 新潟亀田店,https://www.kyowa-corp.co.jp/,新潟県新潟市江南区鵜ノ子4-466
アピナ 新発田店,https://www.kyowa-corp.co.jp/,新潟県新発田市富塚町1-11-5
アピナ 長岡店,https://www.kyowa-corp.co.jp/,新潟県長岡市堺東町22
おたちゅう 佐渡佐和田店,https://otachu-sadosawada.com/,新潟県佐渡市東大通853
おたちゅう 上越店,https://otakara-joetsu.com/,新潟県上越市富岡539-7
おたちゅう 新潟黒埼店,https://otakara-niigata.com/,新潟県新潟市西区山田3315
おたちゅう 新潟本店,https://otachu-niigata.com/,新潟県新潟市南区下塩俵1812
おたちゅう 赤道店,https://otakara-akamichi.com/,新潟県新潟市東区下木戸1-4-1
おたちゅう 長岡店,https://otakara-nagaoka.com/,新潟県長岡市川崎町1278-1
お宝中古市場 新潟本店,https://www.otachu.com/,新潟県新潟市南区下塩俵1812
お宝中古市場 新発田店,https://www.otachu.com/,新潟県新発田市新栄町1-9-6
サープラ横浜あそびタウン,https://3rd-planet.jp/,神奈川県横浜市都筑区中川中央1-25-1 ノースポート・モール 6F
サープラ港北ニュータウンあそびタウン,https://3rd-planet.jp/,神奈川県横浜市都筑区中川中央2-2-1 ルララこうほく 4F
サープラ湘南藤沢あそびタウン,https://3rd-planet.jp/,神奈川県藤沢市辻堂新町4丁目1-1 湘南モールフィル 2F
Hapipi Land こどもの国,https://www.hapipiland.com/,神奈川県横浜市青葉区奈良1-2-1 WAOこどもの国 2階
アドアーズ 橋本店,https://www.adores.jp/,神奈川県相模原市緑区橋本3-3-1 SING橋本 2F
おたちゅう 相模原店,https://otachu-sagamihara.com/,神奈川県相模原市南区大野台6-14-9
クレハピ 横浜アソビル店,https://asobuild.com/,神奈川県横浜市西区高島2-14-9 アソビル 2F
シルクハット 川崎ダイス,https://matahari-entertainment.co.jp/,神奈川県川崎市川崎区駅前本町8 川崎ダイスビル B2F
シルクハット 本厚木,https://matahari-entertainment.co.jp/,神奈川県厚木市中町2-4-13 本厚木駅前ビル
テクモピア 座間店,http://www.wave.koeitecmo.co.jp/Amusement_park/,神奈川県座間市ひばりが丘4-11-1 イオンモール座間 3階(近隣)
ベネクス 川崎店,https://benex.co.jp/,神奈川県川崎市川崎区鋼管通4-8-3
ベネクス 大和店,https://benex.co.jp/,神奈川県大和市下和田73-1
ベネクス 平塚店,https://benex.co.jp/,神奈川県平塚市四之宮6-10-27
わくわくクレーンゲーム王国,https://wakuwaku-ohkoku.com/,神奈川県相模原市緑区西橋本5-1-1 ラ・フロール橋本 1F
神奈川レジャーランド 厚木店,https://www.yamazakiya.co.jp/,神奈川県厚木市中町1-5-10 厚木ガーデンシティ 4F
大和鑑定団,-,神奈川県大和市下鶴間1468-1
ソユーゲームフィールド シーナシーナ青森店,https://soyu-am.jp/,青森県青森市三好2-3-19 シーナシーナ青森
万代 新青森店,https://mandai-s.jp/,青森県青森市大字石江字高間113-2
アミュージアム 清水店,https://amuseum.jp/store/am_shimizu/,静岡県静岡市清水区袖師町1897-1
サープラ沼津あそびタウン,https://3rd-planet.jp/,静岡県沼津市大手町1-1-5 BiVi沼津 3F
サープラ静岡インターあそびタウン,https://3rd-planet.jp/,静岡県静岡市駿河区中野新田383-3
サープラ富士あそびタウン,https://3rd-planet.jp/,静岡県富士市八代町4-4
アップル新北街道店,-,静岡県静岡市葵区沓谷5-13-4
おたちゅう 沼津店,https://otakara-numazu.com/,静岡県沼津市大岡3810-1
おたちゅう 富士店,https://yume-fujihonten.com/,静岡県富士市青島町199
クレーンゲーム専門店 もってきーな,https://mottekeena.com/,静岡県(複数店舗のため詳細不明)
もってきーな KAKEGAWA,https://www.motteki-na.com/,静岡県掛川市大池2826
もってきーな MAKINOHARA,https://www.motteki-na.com/,静岡県牧之原市細江2091
もってきーな 伊豆の国店,https://www.motteki-na.com/,静岡県伊豆の国市南條744-1
もってきーな 高塚店,https://www.motteki-na.com/,静岡県浜松市中央区高塚町4542-1
もってきーな 清水店,https://www.motteki-na.com/,静岡県静岡市清水区吉川272-1
もってきーな 浜松店,https://www.motteki-na.com/,静岡県浜松市中央区東若林町11-1
もってきーな 浜北店,https://www.motteki-na.com/,静岡県浜松市浜名区小松2783
静岡鑑定団 八幡店,https://shizukan.com/,静岡県静岡市駿河区八幡5-8-3
藤枝鑑定団,https://fujikan.com/,静岡県藤枝市八幡503-1
浜松鑑定団,https://hamakan.com/,静岡県浜松市中央区安新町93
夢大陸 富士本店,https://yumedairiku.com/,静岡県富士市中里2588-2
アミュージアム 小松店,https://amuseum.jp/store/am_komatsu/,石川県小松市清六町315 イオンモール新小松
アミュージアム 津幡店,https://amuseum.jp/store/am_tsubata/,石川県河北郡津幡町北中条1-1 アル・プラザ津幡
トレジャーランド,-,石川県(詳細不明)
トレジャーランド 福久店,https://www.yamazakiya.co.jp/,石川県金沢市福久2-58 イオン金沢店
バイパスレジャーランド 宇ノ気店,https://www.yamazakiya.co.jp/,石川県かほく市内日角2-3
バイパスレジャーランド 加賀店,https://www.yamazakiya.co.jp/,石川県加賀市箱宮町ロ144-1
バイパスレジャーランド 藤江新館,https://www.yamazakiya.co.jp/,石川県金沢市藤江南2-105
浪漫遊 金沢本店,https://www.romanyu.com/,石川県野々市市御経塚3-47
アミュージアム 稲毛店,https://amuseum.jp/store/am_inage/,千葉県千葉市稲毛区長沼町330-50 ワンズモール
アミュージアム 茂原店,https://amuseum.jp/store/am_mobara/,千葉県茂原市八千代3-11-20
Hapipi Land プラッツ五香店,https://www.hapipiland.com/,千葉県松戸市五香8-44-6 プラッツ五香
WonderGOO 茂原店,https://www.wonder.co.jp/amusement/,千葉県茂原市木崎2272
YAZ 野田店,https://www.kyowa-corp.co.jp/,千葉県野田市泉1-1-1
アドアーズ 千葉店,https://www.adores.jp/,千葉県千葉市中央区富士見2-4-1
アピナ 蘇我店,https://www.kyowa-corp.co.jp/,千葉県千葉市中央区川崎町52-7
アミュージアム フルルガーデン八千代店,https://amuseum.jp/store/am_fgyachiyo/,千葉県八千代市村上南1-3-1 フルルガーデン八千代
テクモピア ロックダム公津の杜店,http://www.wave.koeitecmo.co.jp/Amusement_park/,千葉県成田市公津の杜4-5-3 ユアエルム成田
テクモピア 千葉中央店,http://www.wave.koeitecmo.co.jp/Amusement_park/,千葉県千葉市中央区本千葉町15-1 千葉中央ショッピングセンター Mio
もってきーな 佐原東店,https://charahiroba.com/prize/shop/,千葉県香取市(または茨城県稲敷市 詳細不明)
もってきーな 茂原店,https://charahiroba.com/prize/shop/,千葉県茂原市小林1606-10 アスモ2階
千葉レジャーランド 野田店,https://www.yamazakiya.co.jp/,千葉県野田市吉春275-1
千葉鑑定団 酒々井店,https://www.chibakan.jp/,千葉県印旛郡酒々井町上本佐倉130-1
千葉鑑定団 松戸店,https://www.chibakan.jp/,千葉県松戸市松飛台264-2
千葉鑑定団 船橋店,https://www.chibakan.jp/,千葉県船橋市夏見台3-4-8
千葉鑑定団 東金店,https://www.chibakan.jp/,千葉県東金市家之子588-1
千葉鑑定団 八千代店,https://www.chibakan.jp/,千葉県八千代市勝田台南1-18-1
千葉鑑定団 湾岸習志野店,https://www.chibakan.jp/,千葉県習志野市茜浜1-1-1
ラクパラ 堺,-,大阪府堺市(詳細不明)
アミュージアム 岸和田店,https://amuseum.jp/store/am_kishiwada/,大阪府岸和田市港緑町2-1 カンカンベイサイドモール
アミュージアム 枚方店,https://amuseum.jp/store/am_hirakata/,大阪府枚方市須山町83-1
サープラ大阪道頓堀あそびタウン,https://3rd-planet.jp/,大阪府大阪市中央区道頓堀1-4-27
G-pala あべの,https://www.g-pala.com/,大阪府大阪市阿倍野区阿倍野筋3-10-1 あべのベルタ 2F
GAME PANIC 心斎橋ビッグステップ店,https://www.leisurelan.co.jp/,大阪府大阪市中央区西心斎橋1-6-14 BIGSTEP 3F
アミパラ 光明池店,https://amipara.co.jp/,大阪府和泉市室堂町824-36
お宝市番館 OTAICHI!! POP!! WORLD!! 福島店,https://otaichi-pop-world.com/,大阪府大阪市福島区吉野2-15-12
ハンターズ 堺三国ケ丘店,-,大阪府堺市北区百舌鳥梅北町1-25-1
ハンターズ 堺三国ケ丘店,-,大阪府堺市北区百舌鳥梅北町1-25-1
楽市楽座 イオンモール四條畷店,https://rakuichi-rakuza.jp/,大阪府四條畷市砂4-3-2 イオンモール四條畷
アミュージアム 光吉店,https://amuseum.jp/store/am_mitsuyoshi/,大分県大分市宮崎696-1 コムボックス大分 2F
G-pala 日田,https://www.g-pala.com/,大分県日田市大字十二町字新町714-1
トレトレ倉庫 佐伯店,https://mangasouko-kagoshima.com/,大分県佐伯市鶴岡西町1-118
マンガ倉庫 大分東店,-,大分県大分市皆春1571-1
マンガ倉庫 大村店,-,長崎県大村市協和町700
遊ING 時津店,https://youing.com/,長崎県西彼杵郡時津町日並郷2195-53
遊ING 浜町店,-,長崎県長崎市浜町2-35
Hapipi Land 佐久店,https://www.hapipiland.com/,長野県佐久市岩村田1735-1 フレスポ佐久インター内
Hapipi Land 豊科店,https://www.hapipiland.com/,長野県安曇野市豊科南穂高1115 スワンガーデン豊科内
アピナ 塩尻店,https://www.kyowa-corp.co.jp/,長野県塩尻市広丘野村1710-1
アピナ 松本店,https://www.kyowa-corp.co.jp/,長野県松本市双葉5-20 イオン南松本SC 2F
アピナ 上田店,https://www.kyowa-corp.co.jp/,長野県上田市秋和141-1
アピナ 長野川中島店,https://www.kyowa-corp.co.jp/,長野県長野市川中島町御厨981
お宝中古市場 安曇野店,https://otakara-matsumoto.com/,長野県安曇野市豊科南穂高1115 スワンガーデン豊科内
万代書店 諏訪店,https://mandai-suwa.com/,長野県諏訪市四賀2260
万代書店 長野店,https://mandai-nagano.com/,長野県長野市川中島町御厨981
夢大陸 松本店,https://yumedairiku.com/,長野県松本市庄内1-1-6
回遊館 鳥取店,-,鳥取県鳥取市南吉方1-112-1
アミパラ 鳥取店,https://amipara.co.jp/,鳥取県鳥取市千代水1-150-1
お宝市番館 倉吉店,https://otaichi.com/,鳥取県倉吉市海田西町1-1
回遊館 出雲店,https://www.instagram.com/gunma_kaiyukan/,島根県出雲市渡橋町769
アミパラ 松江店,https://amipara.co.jp/,島根県松江市学園1丁目16-29
開放倉庫 斐川店,-,島根県出雲市斐川町荘原2898
アミュージアム モリタウン昭島店,https://amuseum.jp/store/am_mt-akishima/,東京都昭島市田中町562-1 モリタウン内
アミュージアム 大泉店,https://amuseum.jp/store/am_oizumi/,東京都練馬区東大泉2-34-1 オズスタジオシティ
アミュージアム 豊洲店,https://amuseum.jp/store/am_toyosu/,東京都江東区豊洲2-4-9 アーバンドック ららぽーと豊洲
ME TOKYO IKEBUKURO,https://metokyo.com/,東京都豊島区東池袋1-4-6
ME TOKYO SHINJUKU,https://metokyo.com/,東京都新宿区新宿3-37-14
アドアーズ サンシャイン店,https://www.adores.jp/,東京都豊島区東池袋1-14-4 シネマサンシャイン 1～3F
アドアーズ 渋谷店,https://www.adores.jp/,東京都渋谷区宇田川町13-11 KN渋谷1ビル
アドアーズ 町田店,https://www.adores.jp/,東京都町田市原町田6-21-25 大黒屋ビル
アミュージアム OSC店,https://amuseum.jp/store/am_osc/,東京都江東区大島1-2-1
アミュージアム フレスポ若葉台店,https://amuseum.jp/store/am_wakabadai/,東京都稲城市若葉台2-4-2 フレスポ若葉台
エブリデイ多摩ノ国,https://everydaytamanokuni.com/,東京都多摩市落合2-33 クロスガーデン多摩 2階
おたちゅう。 秋葉原店（1?5号店など）,https://otachu.jp/,東京都千代田区外神田 (複数店舗のため詳細略)
キャッチラボ 瑞穂店,https://www.ozam.jp/,東京都西多摩郡瑞穂町高根623
ぐるぐる大帝国 八王子店,https://www.otakara.co.jp/,東京都八王子市越野21-22
クレーンゲーム専門店 Help,-,東京都内 (詳細不明)
クレーンゲーム専門店・遊戯場,http://yuugijoo.iku4.com/,東京都千代田区外神田4-2-6 アキバプレイス
ゲームパニック 秋葉原,https://www.leisurelan.co.jp/store/gpakiba.html,東京都千代田区外神田1-11-11
ゲームパニック 新宿歌舞伎町,https://www.leisurelan.co.jp/store/gpkabuki.html,東京都新宿区歌舞伎町1-21-1 第二東亜会館ビル
シルクハット 蒲田西口,https://matahari-entertainment.co.jp/,東京都大田区西蒲田7-2-3 第二醍醐ビル
シルクハット 秋葉原,https://matahari-entertainment.co.jp/,東京都千代田区外神田1-11-1
シルクハット 八王子,https://matahari-entertainment.co.jp/,東京都八王子市旭町2-5 八王子ツインタワー
スタジオプリモ 新宿店,-,東京都新宿区新宿3-23-14 SHAビル
ピーターパンと仲間たち 昭島店,https://amuseum.jp/store/pn_akishima/,東京都昭島市田中町562-1
東京レジャーランド 秋葉原1号店,https://www.yamazakiya.co.jp/,東京都千代田区外神田1-9-5
東京レジャーランド 秋葉原2号店,https://www.yamazakiya.co.jp/,東京都千代田区外神田4-3-3
Hapipi Land 徳島店,https://www.hapipiland.com/,徳島県徳島市沖浜東3-15
宝島 徳島店,-,徳島県徳島市(詳細不明)
WonderGOO PLUS＋ 足利店,https://www.wonder.co.jp/amusement/,栃木県足利市朝倉町255-1
WonderGOO 大田原店,https://www.wonder.co.jp/amusement/,栃木県大田原市浅香1-5-39
アピナ 小山店,https://www.kyowa-corp.co.jp/,栃木県小山市雨ヶ谷町50
おたちゅう 小山店,https://otachu-oyama.com/,栃木県小山市喜沢1475
おたちゅう 那須塩原店,https://otachu-nasu.com/,栃木県那須塩原市睦105-116
ぐるぐる大帝国 宇都宮店,https://www.otakara.co.jp/,栃木県宇都宮市簗瀬町1865-1
テクモピア パルテロン宇都宮店,http://www.wave.koeitecmo.co.jp/Amusement_park/,栃木県宇都宮市江曽島本町22-7 アピタ宇都宮店 2F
テクモピア 鹿沼店,http://www.wave.koeitecmo.co.jp/Amusement_park/,栃木県鹿沼市睦町287-1
フェドラP&D SANO,-,栃木県佐野市高萩町1340 フェドラP&D SANO
万代書店 宇都宮店,-,栃木県宇平宮市簗瀬町1865-1
回遊館 橿原店,-,奈良県橿原市新賀町185
TORUFULL（トルフル）大和八木駅,https://kintetsu-rs.com/,奈良県橿原市内膳町5丁目 大和八木駅高架下
アミパラ 橿原店,https://amipara.co.jp/,奈良県橿原市十市町1222-1
クレーンゲーム専門店（奈良観光会館1F）,-,奈良県奈良市角振町28 奈良観光会館1F
ソユーゲームフィールド 奈良橿原店,https://soyu-am.jp/,奈良県橿原市曲川町7-20-1 イオンモール橿原 3F
開放倉庫 香芝店,-,奈良県香芝市上中103
アピナ 富山南店,https://www.kyowa-corp.co.jp/,富山県富山市婦中町下轡田165-1 ファボーレ 2階
お宝中古市場 富山店,https://www.otachu.com/,富山県富山市掛尾町474
トレジャーランド 高岡店,https://www.yamazakiya.co.jp/,富山県高岡市下伏間江383 イオンモール高岡
富山レジャーランド 呉羽店,https://www.yamazakiya.co.jp/,富山県富山市呉羽本町2144
アピナ 武生店,https://www.kyowa-corp.co.jp/,福井県越前市芝原4-110
テクモピア 福井開発店,http://www.wave.koeitecmo.co.jp/Amusement_park/,福井県福井市大和田2-1212 エルパ 2F
トレルン遊 丸岡店,https://torerunyuu-maruoka.com/,福井県坂井市丸岡町一本田2-1
福井レジャーランド ワイワイプラザ店,https://www.yamazakiya.co.jp/,福井県福井市大町1-201 ワイワイプラザ 2F
浪漫遊 福井店,https://www.romanyu.com/,福井県福井市羽水2-111
G-pala 小倉,https://www.g-pala.com/,福岡県北九州市小倉北区浅野2-14-5 あるあるCity
G-pala 博多,https://www.g-pala.com/,福岡県福岡市博多区住吉1-2-22 キャナルシティ博多
アミパラ 筑紫野店,https://amipara.co.jp/,福岡県筑紫野市塔原東5-11-1
トレトレ倉庫 春日白水店,https://mangasouko-kagoshima.com/,福岡県春日市白水ヶ丘4-118
ピーターパンと仲間たち うきは店,https://amuseum.jp/store/pn_ukiha/,福岡県うきは市浮羽町朝田587-1
ピーターパンと仲間たち 遠賀店,https://amuseum.jp/store/pn_onga/,福岡県遠賀郡遠賀町今古賀498-1
マンガ倉庫 箱崎店,-,福岡県福岡市東区箱崎7-9-65
マンガ倉庫 飯塚店,-,福岡県飯塚市枝国692-2
マンガ倉庫 福岡空港店,-,福岡県糟屋郡志免町別府北2-14-1
楽市街道 くるめ店,https://rakuichi-rakuza.jp/,福岡県久留米市新合川2-7-10
楽市街道 箱崎店,https://rakuichi-rakuza.jp/,福岡県福岡市東区箱崎5-1-8
楽市楽座 イオンモール福岡店,https://rakuichi-rakuza.jp/,福岡県糟屋郡粕屋町酒殿字老ノ木192-1 イオンモール福岡 2F
万代 トリアス久山店,https://mandai-s.jp/,福岡県糟屋郡久山町山田1111 トリアス久山
サープラ福島あそびタウン,https://3rd-planet.jp/,福島県福島市笹谷字御代内68-1
Hapipi Land ドン・キホーテいわき店,https://www.hapipiland.com/,福島県いわき市中央台飯野4-1 MEGAドン・キホーテいわき店
Hapipi Land ドン・キホーテ福島店,https://www.hapipiland.com/,福島県福島市鎌田字下釜8-1 MEGAドン・キホーテ福島店
iクレーン 会津若松店,https://icrane-aiduwakamatsu.com/,福島県会津若松市町北町大字上荒久田字宮下142
WonderGOO いわき鹿島店,https://www.wonder.co.jp/amusement/,福島県いわき市鹿島町御代字大塚1-1
万代 いわき小名浜店,https://mandai-s.jp/,福島県いわき市小名浜字丹波沼58
万代 郡山アティ店,https://mandai-s.jp/,福島県郡山市駅前1-16-7 アティ郡山
万代アミューズ いわき店,https://mandai-s.jp/,福島県いわき市平字正内町80
万代書店 福島店,-,福島県福島市吉倉字谷地82
回遊館 洲本店,-,兵庫県洲本市下加茂1-1-57
回遊館 養父店,-,兵庫県養父市八鹿町朝倉45-1
ACE GAME FIELD 三宮店,https://acegamefield.com/,兵庫県神戸市中央区三宮町1-5-26
ACE GAME FIELD 神戸ハーバーセンター店,https://acegamefield.com/,兵庫県神戸市中央区東川崎町1-3-3 神戸ハーバーセンター
ACE GAME FIELD 神戸ハーバーランド店,https://acegamefield.com/,兵庫県神戸市中央区東川崎町1-6-1
ACE GAME FIELD 宝塚店,https://acegamefield.com/,兵庫県宝塚市栄町2-1-1
OTAKARA amuse 舞多聞店,https://otakarahakken-maitamon.com/,兵庫県神戸市垂水区舞多聞東2-1-45
お宝市番館 OTAICHI!! POP!! WORLD!! 東加古川店,https://otaichi-pop-world.com/,兵庫県加古川市平岡町新在家115
お宝市番館 加古川店,https://otaichi.com/,兵庫県加古川市尾上町今福71-2
お宝市番館 飾磨店,https://otaichi.com/,兵庫県姫路市飾磨区構4-135
お宝市番館 姫路東店,https://otaichi.com/,兵庫県姫路市四郷町見野425-1
テクモピア 伊丹店,http://www.wave.koeitecmo.co.jp/Amusement_park/,兵庫県伊丹市藤ノ木1-1-1 イオンモール伊丹 3F
遊スペースマジカル,-,兵庫県神戸市中央区三宮町1-9-1 センタープラザ3F(付近)
遊びトレジャー店（ACE GAME FIELD系列）,https://acegamefield.com/,兵庫県内(詳細不明)
MEGAGET 釧路店,https://www.8-grp.com/,北海道釧路市星が浦大通2-6-1
MEGAGET 室蘭店,https://www.8-grp.com/,北海道室蘭市中島本町2-8-1
アドアーズ インターヴィレッジ大曲店,https://www.adores.jp/tenpo/oomagari.html,北海道北広島市大曲幸町6-1 インターヴィレッジ大曲
アドアーズ 札幌北42条店,https://www.adores.jp/tenpo/kita42.html,北海道札幌市東区北42条東7-1-1 ドン・キホーテ札幌北42条店 2F
キャッツアイ ミュンヘン大橋店,https://www.hku.co.jp/catseye/,北海道札幌市豊平区平岸1条22-2-15
キャッツアイ 栄通店,https://www.hku.co.jp/catseye/,北海道札幌市白石区栄通19-11-43
キャッツアイ 宮の沢店,https://www.hku.co.jp/catseye/,北海道札幌市手稲区西宮の沢5条2-11-15
キャッツアイ 恵庭店,https://www.hku.co.jp/catseye/,北海道恵庭市住吉町2-15-15
キャッツアイ 篠路店,https://www.hku.co.jp/catseye/,北海道札幌市北区篠路1条4-6-30
キャッツアイ 新札幌店,https://www.hku.co.jp/catseye/,北海道札幌市厚別区厚別東5条1-1-10
キャッツアイ 新川店,https://www.hku.co.jp/catseye/,北海道札幌市北区新川2条7-1-7
キャッツアイ 清田店,https://www.hku.co.jp/catseye/,北海道札幌市清田区清田1条1-1-1
キャッツアイ 東苗穂店,https://www.hku.co.jp/catseye/,北海道札幌市東区東苗穂3条2-5-25
ソユーゲームフィールド 旭川駅前店,https://soyu-am.jp/,北海道旭川市宮下通7-2-5 イオンモール旭川駅前 4F
ソユーゲームフィールド 札幌発寒店,https://soyu-am.jp/,北海道札幌市西区発寒8条12-1 イオンモール札幌発寒 3F
ソユーゲームフィールド 札幌苗穂店,https://soyu-am.jp/,北海道札幌市東区東苗穂2条3-1-1 イオンモール札幌苗穂 2F
ディノスパーク 旭川店,https://www.sugai-dinos.jp/park/asahikawa/,北海道旭川市大雪通5-496-5
ディノスパーク 札幌手稲店,https://www.sugai-dinos.jp/,北海道札幌市手稲区前田1条11-1-1 西友手稲店 3F
ディノスパーク 札幌狸小路店,https://www.sugai-dinos.jp/,北海道札幌市中央区南3条西4丁目 狸小路4丁目アルシュビル
ディノスパーク 札幌中央店,https://www.sugai-dinos.jp/,北海道札幌市中央区南3条西1丁目8
ディノスパーク 苫小牧店,https://www.sugai-dinos.jp/park/tomakomai/,北海道苫小牧市柳町3-1-20 イオンモール苫小牧 2F
テキサス函館 MEGAGETコーナー,http://texas-hakodate.jp/,北海道函館市梁川町9-3 テキサス函館
ピーターパンと仲間たち 函館店,https://amuseum.jp/store/pn_hakodate/,北海道函館市港町1-2-1 ポールスターショッピングセンター
万代 BiVi新さっぽろ,https://mandai-s.jp/,北海道札幌市厚別区厚別中央1条6-3-3 BiVi新さっぽろ
万代 旭川アスパ永山店,https://mandai-s.jp/,北海道旭川市永山8条4-5-7 アスパ永山
万代 釧路店,https://mandai-s.jp/,北海道釧路市星が浦大通2-6-1
万代 札幌手稲店,https://mandai-t.com/,北海道札幌市手稲区稲穂2条2-2-8
万代 札幌藤野店,https://mandai-s.jp/,北海道札幌市南区藤野2条4-1-2
万代 十勝音更店,https://mandai-s.jp/,北海道河東郡音更町木野大通西12-1
万代 苫小牧店,https://mandai-s.jp/,北海道苫小牧市柳町2-3-12
万代 北見店,https://mandai-s.jp/,北海道北見市西富町1-1-7
万代アミューズ 旭川店,https://mandai-s.jp/,北海道旭川市永山8条4-5-7 アスパ永山内
Hapipi Land ピタゴラス和歌山,https://www.hapipiland.com/,和歌山県和歌山市湊御殿3-2-1
アソビクルハンターズ 和歌山中之島店,-,和歌山県和歌山市中之島2287
アソビクルハンターズ 和歌山中之島店,-,和歌山県和歌山市中之島2287
ユーズランド 和歌山店,-,和歌山県和歌山市中字楠谷573 イオンモール和歌山 2F
